Workbook

Sheet الملخص
B2: منصة الولاء White-Label — الملخّص التنفيذي للمستثمر
B3: برنامج ولاء جاهز لكل محل/مطعم/كافيه · اشتراك شهري متكرّر (SaaS) · السوق السعودي · متوافق PDPL
B5: إجمالي الإيراد — السنة 4 | D5: الإيراد المتكرر ARR — السنة 4
B6: ='النمو والإيراد'!F13 | D6: ='النمو والإيراد'!F14
B8: تجار مدفوعون — نهاية السنة 4 | D8: صافي ربح تشغيلي EBITDA — السنة 4
B9: ='النمو والإيراد'!F7 | D9: ='الأرباح والتدفق'!F12
B11: الاستثمار المطلوب | D11: نسبة الملكية للمستثمر
B12: =الافتراضات!C19 | D12: =الافتراضات!C20
B14: عائد المستثمر (MOIC) خلال 4 سنوات | D14: العائد السنوي المركّب IRR
B15: ='صفقة الاستثمار'!C14 | D15: ='صفقة الاستثمار'!C15
B18: لمحة النمو عبر 4 سنوات
B19: المؤشّر | C19: السنة 1 | D19: السنة 2 | E19: السنة 3 | F19: السنة 4
B20: تجار مدفوعون (نهاية السنة) | C20: ='النمو والإيراد'!C7 | D20: ='النمو والإيراد'!D7 | E20: ='النمو والإيراد'!E7 | F20: ='النمو والإيراد'!F7
B21: إجمالي الإيراد | C21: ='النمو والإيراد'!C13 | D21: ='النمو والإيراد'!D13 | E21: ='النمو والإيراد'!E13 | F21: ='النمو والإيراد'!F13
B22: مجمل الربح | C22: ='الأرباح والتدفق'!C7 | D22: ='الأرباح والتدفق'!D7 | E22: ='الأرباح والتدفق'!E7 | F22: ='الأرباح والتدفق'!F7
B23: EBITDA | C23: ='الأرباح والتدفق'!C12 | D23: ='الأرباح والتدفق'!D12 | E23: ='الأرباح والتدفق'!E12 | F23: ='الأرباح والتدفق'!F12
B24: النقد التراكمي | C24: ='الأرباح والتدفق'!C18 | D24: ='الأرباح والتدفق'!D18 | E24: ='الأرباح والتدفق'!E18 | F24: ='الأرباح والتدفق'!F18
B26: كل الأرقام معادلات حيّة. عدّل المدخلات في ورقة «الافتراضات» (الخلايا الخضراء) لتجربة سيناريوهات مختلفة.

Sheet الافتراضات
A1: دراسة جدوى — منصة ولاء White-Label · نموذج مالي 4 سنوات
A2: الخلايا الخضراء = مدخلات قابلة للتعديل. غيّر الرقم وكل الجداول تتحدّث تلقائيًا.
B4: الافتراض | C4: السنة 1 | D4: السنة 2 | E4: السنة 3 | F4: السنة 4 | G4: ملاحظات
A5: السوق واكتساب العملاء
B6: تجار جدد مدفوعون (يُضافون خلال السنة) | C6: 180 | D6: 520 | E6: 1100 | F6: 1900 | G6: عدد التجار اللي يبدأوا اشتراك مدفوع في السنة
B7: معدل التسرّب السنوي (Churn) | C7: 0.18 | D7: 0.15 | E7: 0.13 | F7: 0.12 | G7: نسبة التجار اللي يلغوا الاشتراك سنويًا
B8: نسبة التحوّل من المجاني للمدفوع | C8: 0.22 | D8: 0.25 | E8: 0.28 | F8: 0.3 | G8: للعرض فقط — يوضّح قوة قمع التحويل
A9: التسعير والإيراد لكل تاجر
B10: سعر الاشتراك الشهري لكل تاجر (ر.س) | C10: 199 | D10: 199 | E10: 219 | F10: 219 | G10: السعر الفعلي في المنتج = 199 ر.س/شهر
B11: إيراد إضافي شهري/تاجر (SMS وحملات) ر.س | C11: 25 | D11: 35 | E11: 45 | F11: 55 | G11: رسائل/إشعارات مدفوعة كزيادة على الاشتراك
A12: التكاليف
B13: تكلفة بنية تحتية شهرية/تاجر (ر.س) | C13: 18 | D13: 16 | E13: 14 | F13: 12 | G13: Supabase + Firebase + OTP/SMS — تقل بالحجم
B14: رسوم بوابة الدفع (% من الإيراد) | C14: 0.025 | D14: 0.025 | E14: 0.024 | F14: 0.023 | G14: عمولة معالجة المدفوعات
B15: تكلفة اكتساب التاجر الواحد CAC (ر.س) | C15: 350 | D15: 320 | E15: 300 | F15: 280 | G15: تسويق + مبيعات لكل تاجر جديد
B16: رواتب الفريق (سنوي، ر.س) | C16: 780000 | D16: 1450000 | E16: 2400000 | F16: 3500000 | G16: تطوير + مبيعات + دعم + إدارة
B17: مصاريف عامة وإدارية (سنوي، ر.س) | C17: 180000 | D17: 260000 | E17: 380000 | F17: 520000 | G17: إيجار/تراخيص/قانوني/محاسبة
A18: صفقة الاستثمار
B19: قيمة الاستثمار المطلوب (ر.س) | C19: 2000000 | G19: يُضخ مرة واحدة في بداية السنة 1
B20: نسبة الملكية للمستثمر (%) | C20: 0.2 | G20: حصة المستثمر مقابل الاستثمار
B21: مُضاعِف التقييم (× الإيراد السنوي ARR) | C21: 5 | G21: تقييم سوقي شائع لـ SaaS = 4–6× ARR
B22: تجار مدفوعون عند البداية | C22: 0 | G22: نبدأ من الصفر (مشروع جديد)

Sheet النمو والإيراد
A1: النمو والإيرادات — قاعدة التجار المدفوعين
B3: البند | C3: السنة 1 | D3: السنة 2 | E3: السنة 3 | F3: السنة 4 | G3: الإجمالي
B4: تجار مدفوعون — بداية السنة | C4: =الافتراضات!C22 | D4: =C7 | E4: =D7 | F4: =E7
B5: (+) تجار جدد مدفوعون | C5: =الافتراضات!C6 | D5: =الافتراضات!D6 | E5: =الافتراضات!E6 | F5: =الافتراضات!F6 | G5: =SUM(C5:F5)
B6: (−) تجار متسرّبون (Churn) | C6: =-ROUND((C4+C5)*الافتراضات!C7,0) | D6: =-ROUND((D4+D5)*الافتراضات!D7,0) | E6: =-ROUND((E4+E5)*الافتراضات!E7,0) | F6: =-ROUND((F4+F5)*الافتراضات!F7,0) | G6: =SUM(C6:F6)
B7: تجار مدفوعون — نهاية السنة | C7: =C4+C5+C6 | D7: =D4+D5+D6 | E7: =E4+E5+E6 | F7: =F4+F5+F6 | G7: =F7
B8: متوسط التجار المدفوعين خلال السنة | C8: =ROUND((C4+C7)/2,0) | D8: =ROUND((D4+D7)/2,0) | E8: =ROUND((E4+E7)/2,0) | F8: =ROUND((F4+F7)/2,0)
B10: الإيرادات
B11: إيراد الاشتراكات (متوسط × سعر × 12) | C11: =C8*الافتراضات!C10*12 | D11: =D8*الافتراضات!D10*12 | E11: =E8*الافتراضات!E10*12 | F11: =F8*الافتراضات!F10*12 | G11: =SUM(C11:F11)
B12: إيراد إضافي (SMS/حملات) | C12: =C8*الافتراضات!C11*12 | D12: =D8*الافتراضات!D11*12 | E12: =E8*الافتراضات!E11*12 | F12: =F8*الافتراضات!F11*12 | G12: =SUM(C12:F12)
B13: إجمالي الإيراد | C13: =C11+C12 | D13: =D11+D12 | E13: =E11+E12 | F13: =F11+F12 | G13: =SUM(C13:F13)
B14: ARR — إيراد متكرر سنوي (نهاية السنة) | C14: =C7*(الافتراضات!C10+الافتراضات!C11)*12 | D14: =D7*(الافتراضات!D10+الافتراضات!D11)*12 | E14: =E7*(الافتراضات!E10+الافتراضات!E11)*12 | F14: =F7*(الافتراضات!F10+الافتراضات!F11)*12 | G14: =F14

Sheet الأرباح والتدفق
A1: قائمة الدخل (P&L) والتدفق النقدي
B3: البند | C3: السنة 1 | D3: السنة 2 | E3: السنة 3 | F3: السنة 4 | G3: الإجمالي
B4: إجمالي الإيراد | C4: ='النمو والإيراد'!C13 | D4: ='النمو والإيراد'!D13 | E4: ='النمو والإيراد'!E13 | F4: ='النمو والإيراد'!F13 | G4: =SUM(C4:F4)
B5: (−) بنية تحتية (استضافة/OTP) | C5: =-'النمو والإيراد'!C8*الافتراضات!C13*12 | D5: =-'النمو والإيراد'!D8*الافتراضات!D13*12 | E5: =-'النمو والإيراد'!E8*الافتراضات!E13*12 | F5: =-'النمو والإيراد'!F8*الافتراضات!F13*12 | G5: =SUM(C5:F5)
B6: (−) رسوم بوابة الدفع | C6: =-'النمو والإيراد'!C13*الافتراضات!C14 | D6: =-'النمو والإيراد'!D13*الافتراضات!D14 | E6: =-'النمو والإيراد'!E13*الافتراضات!E14 | F6: =-'النمو والإيراد'!F13*الافتراضات!F14 | G6: =SUM(C6:F6)
B7: =مجمل الربح (Gross Profit) | C7: =C4+C5+C6 | D7: =D4+D5+D6 | E7: =E4+E5+E6 | F7: =F4+F5+F6 | G7: =SUM(C7:F7)
B8: هامش مجمل الربح % | C8: =IF(C4=0,0,C7/C4) | D8: =IF(D4=0,0,D7/D4) | E8: =IF(E4=0,0,E7/E4) | F8: =IF(F4=0,0,F7/F4)
B9: (−) تسويق ومبيعات (CAC × تجار جدد) | C9: =-'النمو والإيراد'!C5*الافتراضات!C15 | D9: =-'النمو والإيراد'!D5*الافتراضات!D15 | E9: =-'النمو والإيراد'!E5*الافتراضات!E15 | F9: =-'النمو والإيراد'!F5*الافتراضات!F15 | G9: =SUM(C9:F9)
B10: (−) رواتب الفريق | C10: =-الافتراضات!C16 | D10: =-الافتراضات!D16 | E10: =-الافتراضات!E16 | F10: =-الافتراضات!F16 | G10: =SUM(C10:F10)
B11: (−) مصاريف عامة وإدارية | C11: =-الافتراضات!C17 | D11: =-الافتراضات!D17 | E11: =-الافتراضات!E17 | F11: =-الافتراضات!F17 | G11: =SUM(C11:F11)
B12: =صافي الربح التشغيلي (EBITDA) | C12: =C7+C9+C10+C11 | D12: =D7+D9+D10+D11 | E12: =E7+E9+E10+E11 | F12: =F7+F9+F10+F11 | G12: =SUM(C12:F12)
B13: هامش EBITDA % | C13: =IF(C4=0,0,C12/C4) | D13: =IF(D4=0,0,D12/D4) | E13: =IF(E4=0,0,E12/E4) | F13: =IF(F4=0,0,F12/F4)
B15: التدفق النقدي التراكمي
B16: (+) ضخّ الاستثمار | C16: =الافتراضات!C19 | D16: 0 | E16: 0 | F16: 0
B17: صافي التدفق النقدي السنوي | C17: =C12+C16 | D17: =D12+D16 | E17: =E12+E16 | F17: =F12+F16 | G17: =SUM(C17:F17)
B18: النقد التراكمي (الرصيد) | C18: =C17 | D18: =C18+D17 | E18: =D18+E17 | F18: =E18+F17

Sheet صفقة الاستثمار
A1: صفقة الاستثمار والعائد المتوقّع
A3: هيكل الصفقة
B4: قيمة الاستثمار المطلوب | C4: =الافتراضات!C19 | D4: يُضخّ مرة واحدة في بداية السنة 1
B5: نسبة الملكية للمستثمر | C5: =الافتراضات!C20 | D5: الحصة مقابل الاستثمار
B6: التقييم بعد الاستثمار (Post-money) | C6: =الافتراضات!C19/الافتراضات!C20 | D6: =الاستثمار ÷ نسبة الملكية
B7: التقييم قبل الاستثمار (Pre-money) | C7: =C6-الافتراضات!C19 | D7: =بعد الاستثمار − قيمة الاستثمار
B8: حصّة المؤسّس بعد الصفقة | C8: =1-الافتراضات!C20 | D8: تبقى الأغلبية مع المؤسّس
A10: العائد المتوقّع للمستثمر (نهاية السنة 4)
B11: ARR في نهاية السنة 4 | C11: ='النمو والإيراد'!F14 | D11: الإيراد المتكرر السنوي
B12: تقييم الشركة في السنة 4 | C12: =C11*الافتراضات!C21 | D12: =ARR × مُضاعِف التقييم
B13: قيمة حصّة المستثمر في السنة 4 | C13: =C12*الافتراضات!C20 | D13: =التقييم × نسبة الملكية
B14: مُضاعِف رأس المال (MOIC) | C14: =C13/الافتراضات!C19 | D14: كم ضِعفًا يرجع للمستثمر
B15: العائد السنوي المركّب (IRR ~) | C15: =(C13/الافتراضات!C19)^(1/4)-1 | D15: معدل النمو السنوي للاستثمار خلال 4 سنوات
A17: أوجه استخدام الاستثمار (Use of Funds)
B18: البند | C18: المبلغ | D18: النسبة
B19: تطوير المنتج والهندسة | C19: =الافتراضات!C19*0.35 | D19: 0.35
B20: التسويق واكتساب التجار | C20: =الافتراضات!C19*0.3 | D20: 0.3
B21: المبيعات والدعم | C21: =الافتراضات!C19*0.2 | D21: 0.2
B22: تشغيل وبنية تحتية | C22: =الافتراضات!C19*0.1 | D22: 0.1
B23: احتياطي/قانوني | C23: =الافتراضات!C19*0.05 | D23: 0.05
B24: الإجمالي | C24: =SUM(C19:C23) | D24: =SUM(D19:D23)
